<?xml version="1.0" encoding="UTF-8"?>
<Transaction>
<Order>
<ID>00361646</ID>
<PosTerminal>CAJA01</PosTerminal>
<TransType>1</TransType>
<OrderStatus>0</OrderStatus>
<OrderType></OrderType>
<ServerName>MASTER</ServerName>
<Destination>CANEYES</Destination>
<GuestTable>02</GuestTable>
<UserInfo></UserInfo>
<Item>
<ID>395247</ID>
<TransType>1</TransType>
<Name>1/2 PUNTA</Name>
<Category>CARNES</Category>
<Quantity>1</Quantity>
<Color BG="0" FG="0"></Color>
<KDSStation>1</KDSStation>
<PreModifier>
<Count>1</Count>
<S0></S0>
</PreModifier>
<Condiment>
<ID>395247</ID>
<TransType>1</TransType>
<Name>* PARA LLEVAR</Name>
<Color BG="0" FG="0"></Color>
</Condiment>
</Item>
<Item>
<ID>395249</ID>
<TransType>1</TransType>
<Name>CACHAPA SOLA</Name>
<Category>CACHAPAS</Category>
<Quantity>1</Quantity>
<Color BG="0" FG="0"></Color>
<KDSStation>1</KDSStation>
<PreModifier>
<Count>1</Count>
<S0></S0>
</PreModifier>
<Condiment>
<ID>395249</ID>
<TransType>1</TransType>
<Name>* PARA LLEVAR</Name>
<Color BG="0" FG="0"></Color>
</Condiment>
</Item>
<Item>
<ID>395251</ID>
<TransType>1</TransType>
<Name>QUESO A LA PLANCHA</Name>
<Category>RACIONES</Category>
<Quantity>1</Quantity>
<Color BG="0" FG="0"></Color>
<KDSStation>1</KDSStation>
<PreModifier>
<Count>1</Count>
<S0></S0>
</PreModifier>
<Condiment>
<ID>395251</ID>
<TransType>1</TransType>
<Name>* PARA LLEVAR</Name>
<Color BG="0" FG="0"></Color>
</Condiment>
</Item>
</Order>
</Transaction>
