<?xml version="1.0" encoding="UTF-8"?>
<Transaction>
<Order>
<ID>00361646</ID>
<PosTerminal>CAJA01</PosTerminal>
<TransType>1</TransType>
<OrderStatus>0</OrderStatus>
<OrderType></OrderType>
<ServerName>MASTER</ServerName>
<Destination>CANEYES</Destination>
<GuestTable>02</GuestTable>
<UserInfo></UserInfo>
<Item>
<ID>395253</ID>
<TransType>1</TransType>
<Name>1 J PAPELON</Name>
<Category>JUGOS</Category>
<Quantity>1</Quantity>
<Color BG="0" FG="0"></Color>
<KDSStation>2</KDSStation>
<PreModifier>
<Count>1</Count>
<S0></S0>
</PreModifier>
</Item>
<Item>
<ID>395254</ID>
<TransType>1</TransType>
<Name>COCA COLA LATA</Name>
<Category>REFRESCOS</Category>
<Quantity>6</Quantity>
<Color BG="0" FG="0"></Color>
<KDSStation>2</KDSStation>
<PreModifier>
<Count>1</Count>
<S0></S0>
</PreModifier>
</Item>
</Order>
</Transaction>
